<?xml version="1.0" encoding="UTF-8"?>
<project-private xmlns="http://www.netbeans.org/ns/project-private/1">
    <editor-bookmarks xmlns="http://www.netbeans.org/ns/editor-bookmarks/2" lastBookmarkId="0"/>
    <open-files xmlns="http://www.netbeans.org/ns/projectui-open-files/2">
        <group>
            <file>file:/C:/SWP391-SE1926-GROUP3-V2/SWP391/src/java/dao/FeedbackDAO.java</file>
            <file>file:/C:/SWP391-SE1926-GROUP3-V2/SWP391/web/user/UpdateFeedback.jsp</file>
            <file>file:/C:/SWP391-SE1926-GROUP3-V2/SWP391/src/java/controller/Feedback/UpdateFeedback.java</file>
            <file>file:/C:/SWP391-SE1926-GROUP3-V2/SWP391/web/user/CustomerFeedbackList.jsp</file>
        </group>
    </open-files>
</project-private>
